{"train_acc_step":0,"train_loss_epoch":5.2761969566345215,"trainer/global_step":1963,"_runtime":216.427453814,"val_loss":4.205423831939697,"train_f1_epoch":0.03631382808089256,"val_f1":0.19174417853355408,"epoch":1,"val_acc":0.19174417853355408,"train_loss_step":6.885573387145996,"train_acc_epoch":0.03631382808089256,"_wandb":{"runtime":216},"train_f1_step":0,"_step":1966,"_timestamp":1.7436055066918125e+09}