{
  "train_loss": [
    5.298657417297363,
    4.486611843109131,
    3.871408700942993,
    3.4127907752990723,
    3.036390781402588,
    2.7312283515930176,
    2.479630947113037,
    2.2850544452667236,
    2.127528190612793,
    1.9937738180160522,
    1.8732894659042358,
    1.7845484018325806,
    1.6965510845184326,
    1.6244534254074097,
    1.5591756105422974,
    1.505156397819519,
    1.463479995727539,
    1.4321987628936768,
    1.4163081645965576,
    1.4050029516220093
  ],
  "val_loss": [
    4.744629859924316,
    4.0502848625183105,
    3.4471302032470703,
    3.053090810775757,
    2.7422738075256348,
    2.6265480518341064,
    2.365628242492676,
    2.193023443222046,
    2.0899646282196045,
    1.9938926696777344,
    1.92593252658844,
    1.813393473625183,
    1.782402753829956,
    1.7004917860031128,
    1.670175313949585,
    1.646733045578003,
    1.6057971715927124,
    1.589402437210083,
    1.5876644849777222,
    1.584152102470398
  ],
  "train_acc": [
    0.03539005666971207,
    0.1231803297996521,
    0.24024464190006256,
    0.3525945246219635,
    0.4598795771598816,
    0.5480202436447144,
    0.6204568147659302,
    0.682699978351593,
    0.7252572178840637,
    0.769088625907898,
    0.8062625527381897,
    0.8307266235351562,
    0.8567833304405212,
    0.878571629524231,
    0.9003280997276306,
    0.9160003662109375,
    0.9272449016571045,
    0.9369604587554932,
    0.940528154373169,
    0.9440957903862
  ],
  "val_acc": [
    0.08599821478128433,
    0.20843419432640076,
    0.3674353361129761,
    0.46209707856178284,
    0.5577780604362488,
    0.5846604704856873,
    0.6557523012161255,
    0.710026741027832,
    0.7341062426567078,
    0.7602242231369019,
    0.782392680644989,
    0.8099120855331421,
    0.8178111910820007,
    0.8460950255393982,
    0.8504267930984497,
    0.8559052348136902,
    0.867626428604126,
    0.8723404407501221,
    0.8691552877426147,
    0.8727226257324219
  ],
  "test_acc": 0.8738151054938335
}