{"_timestamp":1.7436079541722326e+09,"train_acc_epoch":0.9440957903862,"train_loss_step":5.360043525695801,"train_loss_epoch":1.4050029516220093,"val_acc":0.8727226257324219,"val_f1":0.8727226257324219,"train_f1_epoch":0.9440957903862,"train_f1_step":0,"_wandb":{"runtime":1811},"epoch":19,"train_acc_step":0,"val_loss":1.584152102470398,"_runtime":1789.313307494,"_step":19679,"trainer/global_step":19639}