{"train_acc_epoch":0.939540684223175,"train_loss_step":4.530776023864746,"train_acc_step":0,"_timestamp":1.7436042934915566e+09,"epoch":19,"train_f1_epoch":0.939540684223175,"val_acc":0.824945867061615,"train_loss_epoch":0.21460629999637604,"val_f1":0.824945867061615,"trainer/global_step":19639,"train_f1_step":0,"_wandb":{"runtime":1765},"_step":19679,"val_loss":0.7189372777938843,"_runtime":1765.535371908}